mona_circle_black.png	12 KB	12074	⭕
mona_circle_black.svg	1.5 KB	1566	⭕
mona_line_black.png	15.9 KB	15955	⭕
mona_line_black.svg	2 KB	2083	⭕
mona_mark_black.png	10 KB	10084	⭕
mona_mark_black.svg	961 B	961	⭕
monacoin_face_mouth_red.png	27.5 KB	27521	❌
monacoin_face_mouth_red.svg	4.3 KB	4351	❌
monacoin_face_mouth_white.png	26 KB	26013	❌
monacoin_face_mouth_white.svg	4.1 KB	4166	❌
monacoin_mouth_red.png	66.7 KB	66750	❌
monacoin_mouth_red.svg	6.1 KB	6125	❌
monacoin_mouth_white.png	59.9 KB	59917	❌
monacoin_mouth_white.svg	5.9 KB	5939	❌
monar_mark.png	25.1 KB	25187	⭕
monar_mark.svg	3.3 KB	3333	⭕
monar_mark_gold.png	17.7 KB	17771	⭕
monar_mark_gold.svg	3.8 KB	3894	⭕
monar_mouth_red.png	20.2 KB	20265	⭕
monar_mouth_red.svg	2.9 KB	2956	⭕
monar_mouth_white.png	20.4 KB	20433	⭕
monar_mouth_white.svg	2.7 KB	2712	⭕
monar_no_face.png	16.6 KB	16640	⭕
monar_no_face.svg	1.8 KB	1858	⭕
monar_outline_transparent.png	64.5 KB	64599	⭕
monar_outline_transparent.svg	2.3 KB	2358	⭕
