mona-circle-black.png	2.6 KB	2675	
mona-circle-black.svg	1.9 KB	1945	⭕
mona-line-black.png	3.7 KB	3737	
mona-line-black.svg	2.6 KB	2623	⭕
mona-mark-black-line.png	3.5 KB	3506	
mona-mark-black-line.svg	1.5 KB	1589	⭕
mona-mark-black.png	2.1 KB	2152	
mona-mark-black.svg	968 B	968	⭕
monacoin-face-mouth-red.png	5 KB	5042	
monacoin-face-mouth-red.svg	5.3 KB	5388	❌
monacoin-face-mouth-white.png	4.8 KB	4879	
monacoin-face-mouth-white.svg	5.2 KB	5200	❌
monacoin-mouth-red.png	7.1 KB	7135	
monacoin-mouth-red.svg	7.4 KB	7492	❌
monacoin-mouth-white.png	6.9 KB	6917	
monacoin-mouth-white.svg	7.3 KB	7325	❌
monar-mark-gold.png	3.7 KB	3792	
monar-mark-gold.svg	4.6 KB	4665	⭕
monar-mark.png	3.9 KB	3933	
monar-mark.svg	3.4 KB	3449	⭕
monar-mouth-red.png	3.4 KB	3461	
monar-mouth-red.svg	3.1 KB	3147	⭕
monar-mouth-white.png	3.3 KB	3384	
monar-mouth-white.svg	2.8 KB	2859	⭕
monar-no-face.png	2.7 KB	2761	
monar-no-face.svg	2.4 KB	2479	⭕
monar-outline-transparent.png	3.3 KB	3374	
monar-outline-transparent.svg	2.4 KB	2434	⭕
